customer_id,age,annual_spend,city,signup_channel,loyalty_score
1,24.38703531940025,42216.460071144684,CHI,partner,0.3064955188206373
2,52.876769966972674,23143.73332628222,MIA,partner,-0.11356729598138338
3,6.441941995483845,60698.28762071582,SEA,web,-0.6056341943621734
4,83.88043342289927,15597.347371933029,MIA,partner,0.5226059938202297
5,-9.162739686615119,17726.5617208325,MIA,partner,-1.4151467244521636
6,24.124363198890897,43285.39770008542,MIA,retail,-0.9054570165523353
7,51.20615698924868,51366.22007351635,MIA,web,-0.4383371591864086
8,56.83917502050253,36603.03242105222,MIA,retail,0.12299381682986943
9,46.77684947254903,11094.316089560562,SEA,web,0.6287202314605685
10,41.12109695246799,-14628.210652838774,MIA,web,0.035653946618508625
11,25.110246831567316,57820.391198173886,MIA,partner,-0.5776182753981031
12,31.035575182821745,6969.847845252902,MIA,partner,-0.4632665141194523
13,32.47489827997116,13607.812500673856,MIA,retail,-1.2457159800410742
14,21.543080868082445,62774.299635547926,MIA,partner,-0.33709818801211866
15,7.440996816222416,56697.82251219418,MIA,web,0.1992386514261838
16,17.49206004638985,49737.975746810516,MIA,partner,0.7914014734842625
17,45.25232828588443,30590.479879838033,MIA,web,-0.03505487139444796
18,2.1260002559632056,69890.63539322576,MIA,web,-0.052085562728166224
19,35.39940291634478,41741.07691831931,DAL,retail,0.4727918336718266
20,-45.82261737646557,11121.346243311593,MIA,partner,-0.5583313289711181
21,54.624647816715836,-25942.01551359558,CHI,partner,-0.13661205491261175
22,23.9045134453002,16503.29891343684,SEA,web,0.28773049924199867
23,16.169584449401952,55164.235245874435,DAL,partner,-0.20992429161714843
24,30.837790198527955,8339.869311386967,MIA,partner,-0.3101110094738827
25,66.07578787397881,18519.99697224961,MIA,partner,0.21555454664227175
26,14.105603488663743,14048.866341455061,MIA,partner,0.11740024576490271
27,37.18783802652058,5678.652777390598,MIA,partner,0.1692190617110617
28,39.942388944642595,12595.711109135707,MIA,partner,-1.0103242394264025
29,44.70102001175698,-9195.109173940291,MIA,partner,0.6840351489810007
30,29.103580120879066,24777.232047129313,MIA,partner,-0.6547940983442765
31,17.107532110967067,68897.6862681824,MIA,web,-0.2042262821103028
32,34.5618945713128,32747.703991065435,MIA,retail,-0.7117129292579076
33,21.792005839797987,93964.42468581043,CHI,partner,-0.9698615004543917
34,12.490805744131379,43654.63303280955,SEA,partner,0.036410814949396686
35,33.100386840520116,89546.23298150109,MIA,partner,0.34056873229344964
36,12.532846742171856,67766.92706891685,MIA,retail,0.532661022883298
37,20.91855341527214,-8414.574366005509,CHI,partner,0.26594811973807575
38,-30.11665393363627,70378.90630647636,MIA,retail,-0.09625179927163496
39,5.5754156707195435,69520.72423672727,MIA,retail,0.08797994416518573
40,46.57313946207301,21864.277491776887,MIA,web,-0.3432280782456951
41,33.977269282039906,39255.8554087717,MIA,partner,-0.5265153702412252
42,19.381550620360134,39690.172753915685,MIA,partner,0.04136110126518178
43,2.0828430846661377,30547.91204021108,MIA,partner,0.6642514659745054
44,22.83614757201509,19924.304458010112,MIA,partner,0.09281092402638269
45,25.034757306818953,36823.71868044415,SEA,web,-0.5753597353294709
46,1.7824556273898366,47889.34854256885,MIA,partner,-0.5165006606862849
47,42.02151934210828,60123.26892571195,MIA,partner,-0.24991841793920289
48,17.96619981187114,39748.71666941963,MIA,web,-0.6450559908829087
49,22.847465210322987,49038.36630836722,CHI,web,0.11063032022013225
50,14.199395088391917,90255.79723192441,MIA,retail,-0.06978609437588712
51,29.613184714909874,64354.89838488439,MIA,retail,-0.3013334344871461
52,-19.95324983448247,25020.284011429005,CHI,retail,0.23975181269458806
53,35.25569104173003,6747.1972276214365,MIA,partner,-0.3004545925107974
54,18.038291936337746,82763.5874863862,MIA,web,-0.5568513192560675
55,2.094875753243386,35268.62457889456,MIA,partner,0.493761198621904
56,10.860222858391843,17762.063306348013,MIA,partner,-0.12404674710499575
57,14.63106412801974,34063.41333302237,MIA,web,0.23119978463997676
58,46.06474639607346,57229.43832655347,MIA,partner,-0.06010045404735587
59,-8.138186911593557,52193.48252531023,MIA,partner,-0.1545558874093561
60,34.97290338179345,15231.22459671241,SF,retail,-0.2603947479722174
61,72.20421428278328,67945.52483030513,MIA,partner,-0.07594426995267811
62,-5.947035671739364,29049.212082234528,DAL,retail,0.09860080261060777
63,-2.45548327276304,52068.62838274707,MIA,partner,-0.4777580645479823
64,32.947907718340765,69335.64454606567,MIA,web,-0.07743140894102019
65,9.358520470521164,60474.4622091469,MIA,partner,-0.950762862813291
66,52.93818856347448,12603.889845360733,MIA,retail,0.38006864443910005
67,14.721946321907893,85572.41082181115,MIA,partner,0.02965473169434718
68,8.2734516113617,38086.44017565028,MIA,retail,-0.32490809039337976
69,-91.72841473882804,79667.42670367392,MIA,partner,0.2004975177967495
70,-1.36969014381188,42027.4087832875,MIA,partner,0.15492403882066474
71,28.561414587258934,56932.56347454072,MIA,partner,-0.2102708154295453
72,-28.558182374397248,66884.8764609935,MIA,partner,0.014551306226720018
73,36.144734221057384,49026.70172074187,MIA,retail,-1.1623561294707963
74,30.69504022340663,75559.58850467192,MIA,partner,-0.8420100488939023
75,16.726786755713253,20619.881148965214,MIA,partner,0.9400342729158153
76,27.806521476515435,73383.39059516427,DAL,partner,-0.20264799610292428
77,69.33508754779555,16901.350068130763,MIA,partner,0.03920754660083858
78,20.998874571308356,39612.46388889707,DAL,retail,-0.21499197101477807
79,5.955597575149476,-46240.740068506995,MIA,partner,-0.8002412818954373
80,22.045938693578538,42242.724794204434,MIA,partner,-0.1957426509944975
81,26.03681502656366,75811.41893085669,MIA,partner,0.5608705260338537
82,21.125228255690157,5024.647403066498,MIA,partner,-0.4824574895598198
83,34.40183339802492,28837.896658273716,MIA,partner,-0.025359299645363098
84,7.456268749388741,28264.249088338624,MIA,partner,0.3788161866915109
85,1.3589632586955602,54944.691259552696,MIA,web,-0.3072087782878663
86,-4.317259359104689,51430.602481514514,MIA,web,-0.2631894231025209
87,12.339154189883992,36318.01042622178,MIA,partner,-0.3593706547313631
88,37.64279199742788,51159.346424445685,SF,partner,0.24148386420000134
89,-1.561775121173234,62288.04713437558,DAL,retail,-0.26979969900861667
90,14.22915505977084,23282.34061894523,MIA,partner,0.662893511816956
91,11.315035789105849,62901.88991325723,CHI,partner,0.5325528709368438
92,-64.70597476417937,19950.83733635496,MIA,partner,0.1435382916597127
93,4.155821321744504,42200.765739526054,CHI,web,0.670551585252449
94,70.41239722657735,-3725.027631773366,CHI,partner,0.44677235972684665
95,33.52259051468516,31165.895825166976,MIA,web,-0.21722048587473997
96,46.86878891720905,50763.00407281178,SF,partner,-0.011693236803152596
97,12.57511464196265,57718.92703624327,MIA,partner,-0.5507336712690892
98,36.92228840867491,29074.434985750908,DAL,partner,0.5255787412269192
99,61.756334809323256,38892.37726132561,MIA,partner,-0.6820575362225613
100,9.050466399387602,136921.02397339267,MIA,partner,-0.30679265987724313
101,34.74768684027231,15329.35855987123,MIA,partner,0.5753883187355384
102,18.468122151042934,60892.25765560166,MIA,partner,-0.17901265378401376
103,-1.321893312710209,9037.424553499717,CHI,retail,0.01864572844269785
104,4.844319747519002,61951.67758380018,MIA,retail,-0.43172763733806485
105,22.8348052716349,90037.29415920685,MIA,partner,0.2586183527630582
106,11.546293838231534,71180.65618359167,MIA,partner,0.24568588454802642
107,-6.882686812558873,57307.04912464774,MIA,partner,-1.1842120135574161
108,31.296925890288065,62843.11136187882,MIA,partner,0.6389458886716292
109,-90.55411239085049,138497.70487422388,MIA,retail,-0.6379502990337528
110,-29.105536557631908,32038.786574698734,DAL,partner,0.5924340127247395
111,-20.61034250341129,62306.5978633503,MIA,partner,-0.943032536942665
112,1.7984228866161374,67081.59563316531,SEA,web,-0.4673702335072144
113,24.804468073808483,82601.40245912022,MIA,retail,0.6465955473110919
114,-7.299878913595563,102495.24877077344,MIA,partner,-0.7896081078824582
115,39.13782929475097,41245.54407005055,MIA,partner,0.010928443768175089
116,23.364134357420134,82428.87352291742,MIA,retail,-0.6242259680925295
117,12.842541344516896,36146.72261414259,DAL,partner,0.5364785188595692
118,39.22566937499478,15612.331236363927,CHI,web,-0.05968551552779844
119,-11.836416085418449,101927.7923265736,MIA,partner,0.32202939985221457
120,19.14527484824037,41874.350094996174,MIA,retail,0.273493814459817
121,23.101254784284986,21576.01418403806,MIA,partner,0.011213906615804459
122,33.76251690953598,37014.38433557132,MIA,partner,0.456308456829804
123,39.24398785194443,36613.888981711614,MIA,partner,-0.7631840048328419
124,4.742988782734734,85626.01288907108,CHI,retail,0.46814683791884115
125,66.78546019181047,-18345.263255885082,MIA,partner,0.169198328568476
126,44.482240952764656,24367.08491482001,MIA,partner,0.015208459006289199
127,-19.281636014160753,88804.74375727447,MIA,web,-0.015899552919454107
128,12.905104023631793,54611.694981876426,MIA,partner,-1.3098477692397357
129,12.443802702763328,33127.794177237745,MIA,partner,0.6811033366026227
130,35.52323570859254,35990.502230110105,MIA,retail,-0.1935752912633728
131,28.895950881211775,41116.10478916837,MIA,partner,-0.2584766307032582
132,44.73283165559063,42924.99880876779,MIA,partner,-0.6541608269340108
133,20.10136724880362,67950.98668236932,MIA,web,-1.4684750596872909
134,-13.894289522603287,-10611.411173166656,MIA,partner,-1.2319335866529424
135,10.485622262059678,35370.78268319706,MIA,partner,0.6474915998453863
136,40.79058161422236,17422.049652250702,MIA,web,0.030682478155082515
137,19.121278269192025,41208.88742374383,MIA,partner,0.5721140949202541
138,10.628039037861171,63650.70901725541,CHI,web,-0.6179900475849415
139,51.274647116684775,27470.29745678757,MIA,partner,-0.7779762872030082
140,3.6376838356435925,-5474.516196386612,DAL,retail,-0.12306909527146603
141,-2.15040557251789,28111.907896639947,CHI,partner,0.6619641527829482
142,36.15903099870617,20244.199218256916,MIA,partner,0.10513769498729347
143,29.153468280372522,15893.336232830756,CHI,web,0.3989284948816309
144,-11.536892193756188,31995.43238779381,MIA,partner,-0.4125724453655647
145,62.49691152618149,-1756.9236590500223,MIA,partner,-0.24044923492492243
146,37.27223259506694,95993.5629756199,MIA,partner,-0.4305796872367107
147,39.44787470251546,41006.07868266411,MIA,retail,0.036366739415839344
148,1.3910265237697743,27430.681137133757,SEA,partner,-0.03961602635188832
149,17.838258884136955,86115.74778522624,MIA,partner,-0.10932469286584767
150,-5.507915608484865,14085.13615562518,CHI,web,0.17562681401603547
151,0.8699065616117494,40195.72065852501,DAL,partner,0.3177024571584738
152,21.944301285444737,39293.34007509494,MIA,partner,-1.2878394283857952
153,42.83060088226638,23457.982330661715,CHI,partner,-1.1446714186653968
154,32.037186972273396,40198.24095583297,MIA,partner,0.13095142257773246
155,74.93459825065223,9311.758281289047,MIA,partner,-1.83060731914165
156,18.375802313518108,40280.23758762315,MIA,partner,-0.6871227477948206
157,26.429678376962162,34852.30262761298,MIA,retail,0.015790635306123568
158,39.13985708589835,30264.14939277178,MIA,retail,-0.4445658818699951
159,17.32793561218517,52124.11772871539,MIA,partner,0.15317634936753338
160,19.061426995693473,43127.708803494934,MIA,retail,-0.7213443564056895
161,46.43947432116868,18478.55973323385,MIA,partner,-0.05704494346159772
162,-11.03581440457458,36239.25430610324,MIA,partner,-0.3920124438010991
163,43.429866015329026,49501.24626807614,MIA,retail,-0.5748398467848231
164,33.5123384278993,64659.63784186192,MIA,retail,-0.18819902344747286
165,48.04632367057909,60524.200484895686,MIA,partner,-0.11041585169481738
166,5.982441253745598,41649.202025602084,MIA,retail,-1.1679918200077917
167,14.756743234626082,54085.12555157852,MIA,partner,0.5465436943646313
168,64.19340971853718,27666.20844675939,MIA,web,0.18729667432540897
169,7.438681705733423,47325.09501396436,CHI,partner,0.18739363929724073
170,-4.294008570599523,58762.3115501713,MIA,partner,-0.3948313844826925
171,5.494087586353771,54549.362983703606,MIA,partner,0.31710958442099824
172,-12.411859485140297,47765.266931844744,SEA,partner,0.7419517162763443
173,38.47316509636171,68965.6754100367,MIA,retail,-0.2559127555725784
174,13.93425527253611,63147.27283550482,MIA,partner,-0.1184049877646548
175,8.059752408611423,17023.473058146636,MIA,partner,-0.18787989309252984
176,-7.36910945573441,102577.24630849366,MIA,partner,-0.14948348105434373
177,17.002015457596883,55073.77048339331,MIA,partner,-0.6047697699755691
178,-0.6908724458980444,100566.53463523409,MIA,retail,-0.9884848075089171
179,49.2940358896948,53864.8520084894,MIA,retail,-0.792254894526057
180,-0.43762739655773686,22391.177260988596,CHI,web,-0.18994548802678757
181,41.59019522768988,-1410.213370292986,MIA,partner,-0.9094698377056297
182,29.848257913787947,13200.122250596374,MIA,partner,0.21018054476687065
183,52.14804188940105,9502.876901476127,MIA,partner,-0.7939420205366868
184,-7.951599202037443,40394.286023423214,MIA,partner,-0.5413227337664314
185,31.33239246741162,41997.560201079556,MIA,partner,0.534147772694562
186,42.66710564304378,38056.86156058745,MIA,partner,-0.21785204351738752
187,7.210043658925933,82986.98620491693,SEA,partner,-0.15879993008969095
188,2.100917298837601,37969.06063519718,DAL,partner,0.819665082687494
189,34.7621041008806,31678.34238685775,MIA,retail,-1.3083227902623764
190,8.078015139647874,28135.913230236707,MIA,partner,0.1151745308249385
191,25.438378776230785,42619.82994096981,MIA,partner,-0.5011478392035681
192,38.44958194102468,-18078.115364961915,MIA,partner,-0.03119208681617258
193,26.47361006366534,29490.794986116758,MIA,partner,-0.010607667843099744
194,-12.296240101183841,52144.02554084419,MIA,partner,0.0010343326159963917
195,-37.68222619351363,89081.41478453882,MIA,partner,-0.13760830233187316
196,23.340849965564825,31782.7399502068,MIA,retail,0.5345681478202442
197,-30.60233112867771,98972.07968629498,MIA,retail,-0.33552152180340344
198,4.056040295754194,104979.9539002087,MIA,partner,0.4697172045457103
199,-35.10467719965935,93567.2251053327,MIA,web,-0.16983594996516627
200,28.23715509949899,32599.412306566053,MIA,partner,0.18709780871775605
